BEGIN TRANSACTION;

DELETE FROM users;
INSERT INTO users (id, username, image_filename, name, password, is_admin) values 
    ("user-1", "user-1@example.com", "picture-1.png", "User 1", '{hash_password[user-1-password]}', 1),
    ("user-2", "user-2@example.com", "picture-2.jpeg", "User 2", '{hash_password[user-2-password]}', 0),
    ("user-3", "user-3@example.com", "picture-3.png", "User 3", '{hash_password[user-3-password]}', 0),
    ("user-4", "user-4@example.com", "picture-4.png", "User 4", '{hash_password[user-4-password]}', 0);

DELETE FROM podcasts_categories;
INSERT INTO podcasts_categories (category_id, name, description, image_filename) values
    ("test-category-1", "Test category 1", "Description of the category 1", "test_category_1.jpeg"),
    ("test-category-2", "Test category 2", "Description of the category 2", "test_category_2.jpeg"),
    ("test-category-3", "Test category 3", "Description of the category 3", "test_category_3.jpeg"),
    ("test-category-4", "Test category 4", "Description of the category 4", "test_category_4.jpeg"),
    ("test-category-5", "Test category 5", "Description of the category 5", "test_category_5.jpeg"),
    ("test-category-6", "Test category 6", "Description of the category 6", "test_category_6.jpeg"),
    ("test-category-7", "Test category 7", "Description of the category 7", "test_category_7.jpeg"),
    ("test-category-8", "Test category 8", "Description of the category 8", "test_category_8.jpeg"),
    ("test-category-9", "Test category 9", "Description of the category 9", "test_category_9.jpeg"),
    ("test-category-10", "Test category 10", "Description of the category 10", "test_category_10.jpeg");

DELETE FROM podcasts;
INSERT INTO podcasts (podcast_id, image_filename, title, description, category_id, lang_code) values
    ("test-podcast-1", "test_picture_1.jpeg", "Title of podcast 1", "Description of podcast 1", "test-category-1", "ES"),
    ("test-podcast-2", "test_picture_2.jpeg", "Title of podcast 2", "Description of podcast 2", "test-category-2", "ES"),
    ("test-podcast-3", "test_picture_3.jpeg", "Title of podcast 3", "Description of podcast 3", "test-category-3", "ES"),
    ("test-podcast-4", "test_picture_4.jpeg", "Title of podcast 4", "Description of podcast 4", "test-category-4", "ES"),
    ("test-podcast-5", "test_picture_5.jpeg", "Title of podcast 5", "Description of podcast 5", "test-category-5", "ES"),
    ("test-podcast-6", "test_picture_6.jpeg", "Title of podcast 6", "Description of podcast 6", "test-category-6", "ES"),
    ("test-podcast-7", "test_picture_7.jpeg", "Title of podcast 7", "Description of podcast 7", "test-category-7", "ES"),
    ("test-podcast-8", "test_picture_8.jpeg", "Title of podcast 8", "Description of podcast 8", "test-category-8", "ES"),
    ("test-podcast-9", "test_picture_9.jpeg", "Title of podcast 9", "Description of podcast 9", "test-category-9", "ES"),
    ("test-podcast-10", "test_picture_10.jpeg", "Title of podcast 10", "Description of podcast 10", "test-category-10", "ES"),
    ("test-podcast-11", "test_picture_11.jpeg", "Title of podcast 11", "Description of podcast 11", "test-category-1", "ES"),
    ("test-podcast-12", "test_picture_12.jpeg", "Title of podcast 12", "Description of podcast 12", "test-category-2", "ES"),
    ("test-podcast-13", "test_picture_13.jpeg", "Title of podcast 13", "Description of podcast 13", "test-category-3", "ES"),
    ("test-podcast-14", "test_picture_14.jpeg", "Title of podcast 14", "Description of podcast 14", "test-category-4", "ES"),
    ("test-podcast-15", "test_picture_15.jpeg", "Title of podcast 15", "Description of podcast 15", "test-category-5", "ES"),
    ("test-podcast-16", "test_picture_16.jpeg", "Title of podcast 16", "Description of podcast 16", "test-category-6", "ES"),
    ("test-podcast-17", "test_picture_17.jpeg", "Title of podcast 17", "Description of podcast 17", "test-category-7", "ES"),
    ("test-podcast-18", "test_picture_18.jpeg", "Title of podcast 18", "Description of podcast 18", "test-category-8", "ES"),
    ("test-podcast-19", "test_picture_19.jpeg", "Title of podcast 19", "Description of podcast 19", "test-category-9", "ES"),
    ("test-podcast-20", "test_picture_20.jpeg", "Title of podcast 20", "Description of podcast 20", "test-category-10", "ES"),
    ("test-podcast-21", "test_picture_21.jpeg", "Title of podcast 21", "Description of podcast 21", "test-category-1", "ES"),
    ("test-podcast-22", "test_picture_22.jpeg", "Title of podcast 22", "Description of podcast 22", "test-category-2", "ES"),
    ("test-podcast-23", "test_picture_23.jpeg", "Title of podcast 23", "Description of podcast 23", "test-category-3", "ES"),
    ("test-podcast-24", "test_picture_24.jpeg", "Title of podcast 24", "Description of podcast 24", "test-category-4", "ES"),
    ("test-podcast-25", "test_picture_25.jpeg", "Title of podcast 25", "Description of podcast 25", "test-category-5", "ES"),
    ("test-podcast-26", "test_picture_26.jpeg", "Title of podcast 26", "Description of podcast 26", "test-category-6", "ES"),
    ("test-podcast-27", "test_picture_27.jpeg", "Title of podcast 27", "Description of podcast 27", "test-category-7", "ES"),
    ("test-podcast-28", "test_picture_28.jpeg", "Title of podcast 28", "Description of podcast 28", "test-category-8", "ES"),
    ("test-podcast-29", "test_picture_29.jpeg", "Title of podcast 29", "Description of podcast 29", "test-category-9", "ES"),
    ("test-podcast-30", "test_picture_30.jpeg", "Title of podcast 30", "Description of podcast 30", "test-category-10", "ES");

DELETE FROM authors;
INSERT INTO authors (id, name, bio, image_filename) values
    ("test-author-1", "Test Author 1", "Bio of the test author 1", "test_author_1.jpeg"),
    ("test-author-2", "Test Author 2", "Bio of the test author 2", "test_author_2.jpeg"),
    ("test-author-3", "Test Author 3", "Bio of the test author 3", "test_author_3.jpeg"),
    ("test-author-4", "Test Author 4", "Bio of the test author 4", "test_author_4.jpeg"),
    ("test-author-5", "Test Author 5", "Bio of the test author 5", "test_author_5.jpeg"),
    ("test-author-6", "Test Author 6", "Bio of the test author 6", "test_author_6.jpeg"),
    ("test-author-7", "Test Author 7", "Bio of the test author 7", "test_author_7.jpeg"),
    ("test-author-8", "Test Author 8", "Bio of the test author 8", "test_author_8.jpeg"),
    ("test-author-9", "Test Author 9", "Bio of the test author 9", "test_author_9.jpeg"),
    ("test-author-10", "Test Author 10", "Bio of the test author 10", "test_author_10.jpeg"),
    ("test-author-11", "Test Author 11", "Bio of the test author 11", "test_author_11.jpeg"),
    ("test-author-12", "Test Author 12", "Bio of the test author 12", "test_author_12.jpeg"),
    ("test-author-13", "Test Author 13", "Bio of the test author 13", "test_author_13.jpeg"),
    ("test-author-14", "Test Author 14", "Bio of the test author 14", "test_author_14.jpeg"),
    ("test-author-15", "Test Author 15", "Bio of the test author 15", "test_author_15.jpeg"),
    ("test-author-16", "Test Author 16", "Bio of the test author 16", "test_author_16.jpeg"),
    ("test-author-17", "Test Author 17", "Bio of the test author 17", "test_author_17.jpeg");

DELETE FROM podcasts_episodes;
INSERT INTO podcasts_episodes (episode_id, title, podcast_id, author_id, release_date, audio_filename, transcript) values
    ("test-episode-1", "Test title of test-episode-1", "test-podcast-1", "test-author-1", "2021-05-18", "puntillas_auroras_tristes_larralde.wav", "Puntillas de auroras tristes,\npercal de espuma en el aire.\nDolor de saber que existo,\ncuando termina la tarde.\nTristeza de ser apenas,\nuna penumbra que arde\ny en la noche caliente helarme,\ntan solo helarme.\n\nPocilga de conventillo,\nguarida de traficantes\nMercado sin municipio,\ncambiando necesidades\nPatrón de cobijas pobres,\ndonde se cuaja la carne\nParedes de color sucio,\nmanchadas de tizne y mate.\n\nDonde muere la esperanza,\nnace otro amor que no late\nAl diablo con los azules,\nque poco suele gustarle\n\nPor cada vez que vomito,\nando pisando en el aire\npor cada razón que busco,\nencuentro necesidades.\n\nPor no saber cuando es nunca,\nno tengo nunca ni cuando,\nLa misma ley que condena,\na veces ata el caballo\n\nMe queda la caridad,\nde ser percal en el clavo\ncolgado de la pared,\ntestigo del zafarrancho\n\nPuntillas de auroras tristes,\npercal de espuma en el aire.\nDolor de saber que existo,\ncuando termina la tarde.\nTristeza de ser apenas,\nuna penumbra que arde,\ny en la noche caliente,\nhelarme, tan solo helarme."),
    ("test-episode-2", "Test title of test-episode-2", "test-podcast-2", "test-author-2", "2021-05-19", "puntillas_auroras_tristes_larralde.wav", "Puntillas de auroras tristes,\npercal de espuma en el aire.\nDolor de saber que existo,\ncuando termina la tarde.\nTristeza de ser apenas,\nuna penumbra que arde\ny en la noche caliente helarme,\ntan solo helarme.\n\nPocilga de conventillo,\nguarida de traficantes\nMercado sin municipio,\ncambiando necesidades\nPatrón de cobijas pobres,\ndonde se cuaja la carne\nParedes de color sucio,\nmanchadas de tizne y mate.\n\nDonde muere la esperanza,\nnace otro amor que no late\nAl diablo con los azules,\nque poco suele gustarle\n\nPor cada vez que vomito,\nando pisando en el aire\npor cada razón que busco,\nencuentro necesidades.\n\nPor no saber cuando es nunca,\nno tengo nunca ni cuando,\nLa misma ley que condena,\na veces ata el caballo\n\nMe queda la caridad,\nde ser percal en el clavo\ncolgado de la pared,\ntestigo del zafarrancho\n\nPuntillas de auroras tristes,\npercal de espuma en el aire.\nDolor de saber que existo,\ncuando termina la tarde.\nTristeza de ser apenas,\nuna penumbra que arde,\ny en la noche caliente,\nhelarme, tan solo helarme."),
    ("test-episode-3", "Test title of test-episode-3", "test-podcast-3", "test-author-3", "2021-05-20", "puntillas_auroras_tristes_larralde.wav", "Puntillas de auroras tristes,\npercal de espuma en el aire.\nDolor de saber que existo,\ncuando termina la tarde.\nTristeza de ser apenas,\nuna penumbra que arde\ny en la noche caliente helarme,\ntan solo helarme.\n\nPocilga de conventillo,\nguarida de traficantes\nMercado sin municipio,\ncambiando necesidades\nPatrón de cobijas pobres,\ndonde se cuaja la carne\nParedes de color sucio,\nmanchadas de tizne y mate.\n\nDonde muere la esperanza,\nnace otro amor que no late\nAl diablo con los azules,\nque poco suele gustarle\n\nPor cada vez que vomito,\nando pisando en el aire\npor cada razón que busco,\nencuentro necesidades.\n\nPor no saber cuando es nunca,\nno tengo nunca ni cuando,\nLa misma ley que condena,\na veces ata el caballo\n\nMe queda la caridad,\nde ser percal en el clavo\ncolgado de la pared,\ntestigo del zafarrancho\n\nPuntillas de auroras tristes,\npercal de espuma en el aire.\nDolor de saber que existo,\ncuando termina la tarde.\nTristeza de ser apenas,\nuna penumbra que arde,\ny en la noche caliente,\nhelarme, tan solo helarme."),
    ("test-episode-4", "Test title of test-episode-4", "test-podcast-4", "test-author-4", "2021-05-21", "puntillas_auroras_tristes_larralde.wav", "Puntillas de auroras tristes,\npercal de espuma en el aire.\nDolor de saber que existo,\ncuando termina la tarde.\nTristeza de ser apenas,\nuna penumbra que arde\ny en la noche caliente helarme,\ntan solo helarme.\n\nPocilga de conventillo,\nguarida de traficantes\nMercado sin municipio,\ncambiando necesidades\nPatrón de cobijas pobres,\ndonde se cuaja la carne\nParedes de color sucio,\nmanchadas de tizne y mate.\n\nDonde muere la esperanza,\nnace otro amor que no late\nAl diablo con los azules,\nque poco suele gustarle\n\nPor cada vez que vomito,\nando pisando en el aire\npor cada razón que busco,\nencuentro necesidades.\n\nPor no saber cuando es nunca,\nno tengo nunca ni cuando,\nLa misma ley que condena,\na veces ata el caballo\n\nMe queda la caridad,\nde ser percal en el clavo\ncolgado de la pared,\ntestigo del zafarrancho\n\nPuntillas de auroras tristes,\npercal de espuma en el aire.\nDolor de saber que existo,\ncuando termina la tarde.\nTristeza de ser apenas,\nuna penumbra que arde,\ny en la noche caliente,\nhelarme, tan solo helarme."),
    ("test-episode-5", "Test title of test-episode-5", "test-podcast-1", "test-author-1", "2021-05-22", "puntillas_auroras_tristes_larralde.wav", "Puntillas de auroras tristes,\npercal de espuma en el aire.\nDolor de saber que existo,\ncuando termina la tarde.\nTristeza de ser apenas,\nuna penumbra que arde\ny en la noche caliente helarme,\ntan solo helarme.\n\nPocilga de conventillo,\nguarida de traficantes\nMercado sin municipio,\ncambiando necesidades\nPatrón de cobijas pobres,\ndonde se cuaja la carne\nParedes de color sucio,\nmanchadas de tizne y mate.\n\nDonde muere la esperanza,\nnace otro amor que no late\nAl diablo con los azules,\nque poco suele gustarle\n\nPor cada vez que vomito,\nando pisando en el aire\npor cada razón que busco,\nencuentro necesidades.\n\nPor no saber cuando es nunca,\nno tengo nunca ni cuando,\nLa misma ley que condena,\na veces ata el caballo\n\nMe queda la caridad,\nde ser percal en el clavo\ncolgado de la pared,\ntestigo del zafarrancho\n\nPuntillas de auroras tristes,\npercal de espuma en el aire.\nDolor de saber que existo,\ncuando termina la tarde.\nTristeza de ser apenas,\nuna penumbra que arde,\ny en la noche caliente,\nhelarme, tan solo helarme."),
    ("test-episode-6", "Test title of test-episode-6", "test-podcast-2", "test-author-2", "2021-05-23", "puntillas_auroras_tristes_larralde.wav", "Puntillas de auroras tristes,\npercal de espuma en el aire.\nDolor de saber que existo,\ncuando termina la tarde.\nTristeza de ser apenas,\nuna penumbra que arde\ny en la noche caliente helarme,\ntan solo helarme.\n\nPocilga de conventillo,\nguarida de traficantes\nMercado sin municipio,\ncambiando necesidades\nPatrón de cobijas pobres,\ndonde se cuaja la carne\nParedes de color sucio,\nmanchadas de tizne y mate.\n\nDonde muere la esperanza,\nnace otro amor que no late\nAl diablo con los azules,\nque poco suele gustarle\n\nPor cada vez que vomito,\nando pisando en el aire\npor cada razón que busco,\nencuentro necesidades.\n\nPor no saber cuando es nunca,\nno tengo nunca ni cuando,\nLa misma ley que condena,\na veces ata el caballo\n\nMe queda la caridad,\nde ser percal en el clavo\ncolgado de la pared,\ntestigo del zafarrancho\n\nPuntillas de auroras tristes,\npercal de espuma en el aire.\nDolor de saber que existo,\ncuando termina la tarde.\nTristeza de ser apenas,\nuna penumbra que arde,\ny en la noche caliente,\nhelarme, tan solo helarme."),
    ("test-episode-7", "Test title of test-episode-7", "test-podcast-3", "test-author-3", "2021-05-24", "puntillas_auroras_tristes_larralde.wav", "Puntillas de auroras tristes,\npercal de espuma en el aire.\nDolor de saber que existo,\ncuando termina la tarde.\nTristeza de ser apenas,\nuna penumbra que arde\ny en la noche caliente helarme,\ntan solo helarme.\n\nPocilga de conventillo,\nguarida de traficantes\nMercado sin municipio,\ncambiando necesidades\nPatrón de cobijas pobres,\ndonde se cuaja la carne\nParedes de color sucio,\nmanchadas de tizne y mate.\n\nDonde muere la esperanza,\nnace otro amor que no late\nAl diablo con los azules,\nque poco suele gustarle\n\nPor cada vez que vomito,\nando pisando en el aire\npor cada razón que busco,\nencuentro necesidades.\n\nPor no saber cuando es nunca,\nno tengo nunca ni cuando,\nLa misma ley que condena,\na veces ata el caballo\n\nMe queda la caridad,\nde ser percal en el clavo\ncolgado de la pared,\ntestigo del zafarrancho\n\nPuntillas de auroras tristes,\npercal de espuma en el aire.\nDolor de saber que existo,\ncuando termina la tarde.\nTristeza de ser apenas,\nuna penumbra que arde,\ny en la noche caliente,\nhelarme, tan solo helarme."),
    ("test-episode-8", "Test title of test-episode-8", "test-podcast-4", "test-author-4", "2021-05-25", "puntillas_auroras_tristes_larralde.wav", "Puntillas de auroras tristes,\npercal de espuma en el aire.\nDolor de saber que existo,\ncuando termina la tarde.\nTristeza de ser apenas,\nuna penumbra que arde\ny en la noche caliente helarme,\ntan solo helarme.\n\nPocilga de conventillo,\nguarida de traficantes\nMercado sin municipio,\ncambiando necesidades\nPatrón de cobijas pobres,\ndonde se cuaja la carne\nParedes de color sucio,\nmanchadas de tizne y mate.\n\nDonde muere la esperanza,\nnace otro amor que no late\nAl diablo con los azules,\nque poco suele gustarle\n\nPor cada vez que vomito,\nando pisando en el aire\npor cada razón que busco,\nencuentro necesidades.\n\nPor no saber cuando es nunca,\nno tengo nunca ni cuando,\nLa misma ley que condena,\na veces ata el caballo\n\nMe queda la caridad,\nde ser percal en el clavo\ncolgado de la pared,\ntestigo del zafarrancho\n\nPuntillas de auroras tristes,\npercal de espuma en el aire.\nDolor de saber que existo,\ncuando termina la tarde.\nTristeza de ser apenas,\nuna penumbra que arde,\ny en la noche caliente,\nhelarme, tan solo helarme."),
    ("test-episode-9", "Test title of test-episode-9", "test-podcast-5", "test-author-5", "2021-05-26", "puntillas_auroras_tristes_larralde.wav", "Puntillas de auroras tristes,\npercal de espuma en el aire.\nDolor de saber que existo,\ncuando termina la tarde.\nTristeza de ser apenas,\nuna penumbra que arde\ny en la noche caliente helarme,\ntan solo helarme.\n\nPocilga de conventillo,\nguarida de traficantes\nMercado sin municipio,\ncambiando necesidades\nPatrón de cobijas pobres,\ndonde se cuaja la carne\nParedes de color sucio,\nmanchadas de tizne y mate.\n\nDonde muere la esperanza,\nnace otro amor que no late\nAl diablo con los azules,\nque poco suele gustarle\n\nPor cada vez que vomito,\nando pisando en el aire\npor cada razón que busco,\nencuentro necesidades.\n\nPor no saber cuando es nunca,\nno tengo nunca ni cuando,\nLa misma ley que condena,\na veces ata el caballo\n\nMe queda la caridad,\nde ser percal en el clavo\ncolgado de la pared,\ntestigo del zafarrancho\n\nPuntillas de auroras tristes,\npercal de espuma en el aire.\nDolor de saber que existo,\ncuando termina la tarde.\nTristeza de ser apenas,\nuna penumbra que arde,\ny en la noche caliente,\nhelarme, tan solo helarme."),
    ("test-episode-10", "Test title of test-episode-10", "test-podcast-6", "test-author-6", "2021-05-27", "puntillas_auroras_tristes_larralde.wav", "Puntillas de auroras tristes,\npercal de espuma en el aire.\nDolor de saber que existo,\ncuando termina la tarde.\nTristeza de ser apenas,\nuna penumbra que arde\ny en la noche caliente helarme,\ntan solo helarme.\n\nPocilga de conventillo,\nguarida de traficantes\nMercado sin municipio,\ncambiando necesidades\nPatrón de cobijas pobres,\ndonde se cuaja la carne\nParedes de color sucio,\nmanchadas de tizne y mate.\n\nDonde muere la esperanza,\nnace otro amor que no late\nAl diablo con los azules,\nque poco suele gustarle\n\nPor cada vez que vomito,\nando pisando en el aire\npor cada razón que busco,\nencuentro necesidades.\n\nPor no saber cuando es nunca,\nno tengo nunca ni cuando,\nLa misma ley que condena,\na veces ata el caballo\n\nMe queda la caridad,\nde ser percal en el clavo\ncolgado de la pared,\ntestigo del zafarrancho\n\nPuntillas de auroras tristes,\npercal de espuma en el aire.\nDolor de saber que existo,\ncuando termina la tarde.\nTristeza de ser apenas,\nuna penumbra que arde,\ny en la noche caliente,\nhelarme, tan solo helarme."),
    ("test-episode-11", "Test title of test-episode-11", "test-podcast-7", "test-author-7", "2021-05-28", "puntillas_auroras_tristes_larralde.wav", "Puntillas de auroras tristes,\npercal de espuma en el aire.\nDolor de saber que existo,\ncuando termina la tarde.\nTristeza de ser apenas,\nuna penumbra que arde\ny en la noche caliente helarme,\ntan solo helarme.\n\nPocilga de conventillo,\nguarida de traficantes\nMercado sin municipio,\ncambiando necesidades\nPatrón de cobijas pobres,\ndonde se cuaja la carne\nParedes de color sucio,\nmanchadas de tizne y mate.\n\nDonde muere la esperanza,\nnace otro amor que no late\nAl diablo con los azules,\nque poco suele gustarle\n\nPor cada vez que vomito,\nando pisando en el aire\npor cada razón que busco,\nencuentro necesidades.\n\nPor no saber cuando es nunca,\nno tengo nunca ni cuando,\nLa misma ley que condena,\na veces ata el caballo\n\nMe queda la caridad,\nde ser percal en el clavo\ncolgado de la pared,\ntestigo del zafarrancho\n\nPuntillas de auroras tristes,\npercal de espuma en el aire.\nDolor de saber que existo,\ncuando termina la tarde.\nTristeza de ser apenas,\nuna penumbra que arde,\ny en la noche caliente,\nhelarme, tan solo helarme."),
    ("test-episode-12", "Test title of test-episode-12", "test-podcast-8", "test-author-8", "2021-05-29", "puntillas_auroras_tristes_larralde.wav", "Puntillas de auroras tristes,\npercal de espuma en el aire.\nDolor de saber que existo,\ncuando termina la tarde.\nTristeza de ser apenas,\nuna penumbra que arde\ny en la noche caliente helarme,\ntan solo helarme.\n\nPocilga de conventillo,\nguarida de traficantes\nMercado sin municipio,\ncambiando necesidades\nPatrón de cobijas pobres,\ndonde se cuaja la carne\nParedes de color sucio,\nmanchadas de tizne y mate.\n\nDonde muere la esperanza,\nnace otro amor que no late\nAl diablo con los azules,\nque poco suele gustarle\n\nPor cada vez que vomito,\nando pisando en el aire\npor cada razón que busco,\nencuentro necesidades.\n\nPor no saber cuando es nunca,\nno tengo nunca ni cuando,\nLa misma ley que condena,\na veces ata el caballo\n\nMe queda la caridad,\nde ser percal en el clavo\ncolgado de la pared,\ntestigo del zafarrancho\n\nPuntillas de auroras tristes,\npercal de espuma en el aire.\nDolor de saber que existo,\ncuando termina la tarde.\nTristeza de ser apenas,\nuna penumbra que arde,\ny en la noche caliente,\nhelarme, tan solo helarme."),
    ("test-episode-13", "Test title of test-episode-13", "test-podcast-8", "test-author-8", "2021-05-30", "puntillas_auroras_tristes_larralde.wav", "Puntillas de auroras tristes,\npercal de espuma en el aire.\nDolor de saber que existo,\ncuando termina la tarde.\nTristeza de ser apenas,\nuna penumbra que arde\ny en la noche caliente helarme,\ntan solo helarme.\n\nPocilga de conventillo,\nguarida de traficantes\nMercado sin municipio,\ncambiando necesidades\nPatrón de cobijas pobres,\ndonde se cuaja la carne\nParedes de color sucio,\nmanchadas de tizne y mate.\n\nDonde muere la esperanza,\nnace otro amor que no late\nAl diablo con los azules,\nque poco suele gustarle\n\nPor cada vez que vomito,\nando pisando en el aire\npor cada razón que busco,\nencuentro necesidades.\n\nPor no saber cuando es nunca,\nno tengo nunca ni cuando,\nLa misma ley que condena,\na veces ata el caballo\n\nMe queda la caridad,\nde ser percal en el clavo\ncolgado de la pared,\ntestigo del zafarrancho\n\nPuntillas de auroras tristes,\npercal de espuma en el aire.\nDolor de saber que existo,\ncuando termina la tarde.\nTristeza de ser apenas,\nuna penumbra que arde,\ny en la noche caliente,\nhelarme, tan solo helarme."),
    ("test-episode-14", "Test title of test-episode-14", "test-podcast-8", "test-author-8", "2021-05-31", "puntillas_auroras_tristes_larralde.wav", "Puntillas de auroras tristes,\npercal de espuma en el aire.\nDolor de saber que existo,\ncuando termina la tarde.\nTristeza de ser apenas,\nuna penumbra que arde\ny en la noche caliente helarme,\ntan solo helarme.\n\nPocilga de conventillo,\nguarida de traficantes\nMercado sin municipio,\ncambiando necesidades\nPatrón de cobijas pobres,\ndonde se cuaja la carne\nParedes de color sucio,\nmanchadas de tizne y mate.\n\nDonde muere la esperanza,\nnace otro amor que no late\nAl diablo con los azules,\nque poco suele gustarle\n\nPor cada vez que vomito,\nando pisando en el aire\npor cada razón que busco,\nencuentro necesidades.\n\nPor no saber cuando es nunca,\nno tengo nunca ni cuando,\nLa misma ley que condena,\na veces ata el caballo\n\nMe queda la caridad,\nde ser percal en el clavo\ncolgado de la pared,\ntestigo del zafarrancho\n\nPuntillas de auroras tristes,\npercal de espuma en el aire.\nDolor de saber que existo,\ncuando termina la tarde.\nTristeza de ser apenas,\nuna penumbra que arde,\ny en la noche caliente,\nhelarme, tan solo helarme."),
    ("test-episode-15", "Test title of test-episode-15", "test-podcast-9", "test-author-9", "2021-06-01", "puntillas_auroras_tristes_larralde.wav", "Puntillas de auroras tristes,\npercal de espuma en el aire.\nDolor de saber que existo,\ncuando termina la tarde.\nTristeza de ser apenas,\nuna penumbra que arde\ny en la noche caliente helarme,\ntan solo helarme.\n\nPocilga de conventillo,\nguarida de traficantes\nMercado sin municipio,\ncambiando necesidades\nPatrón de cobijas pobres,\ndonde se cuaja la carne\nParedes de color sucio,\nmanchadas de tizne y mate.\n\nDonde muere la esperanza,\nnace otro amor que no late\nAl diablo con los azules,\nque poco suele gustarle\n\nPor cada vez que vomito,\nando pisando en el aire\npor cada razón que busco,\nencuentro necesidades.\n\nPor no saber cuando es nunca,\nno tengo nunca ni cuando,\nLa misma ley que condena,\na veces ata el caballo\n\nMe queda la caridad,\nde ser percal en el clavo\ncolgado de la pared,\ntestigo del zafarrancho\n\nPuntillas de auroras tristes,\npercal de espuma en el aire.\nDolor de saber que existo,\ncuando termina la tarde.\nTristeza de ser apenas,\nuna penumbra que arde,\ny en la noche caliente,\nhelarme, tan solo helarme."),
    ("test-episode-16", "Test title of test-episode-16", "test-podcast-10", "test-author-10", "2021-06-02", "puntillas_auroras_tristes_larralde.wav", "Puntillas de auroras tristes,\npercal de espuma en el aire.\nDolor de saber que existo,\ncuando termina la tarde.\nTristeza de ser apenas,\nuna penumbra que arde\ny en la noche caliente helarme,\ntan solo helarme.\n\nPocilga de conventillo,\nguarida de traficantes\nMercado sin municipio,\ncambiando necesidades\nPatrón de cobijas pobres,\ndonde se cuaja la carne\nParedes de color sucio,\nmanchadas de tizne y mate.\n\nDonde muere la esperanza,\nnace otro amor que no late\nAl diablo con los azules,\nque poco suele gustarle\n\nPor cada vez que vomito,\nando pisando en el aire\npor cada razón que busco,\nencuentro necesidades.\n\nPor no saber cuando es nunca,\nno tengo nunca ni cuando,\nLa misma ley que condena,\na veces ata el caballo\n\nMe queda la caridad,\nde ser percal en el clavo\ncolgado de la pared,\ntestigo del zafarrancho\n\nPuntillas de auroras tristes,\npercal de espuma en el aire.\nDolor de saber que existo,\ncuando termina la tarde.\nTristeza de ser apenas,\nuna penumbra que arde,\ny en la noche caliente,\nhelarme, tan solo helarme."),
    ("test-episode-17", "Test title of test-episode-17", "test-podcast-11", "test-author-11", "2021-06-03", "puntillas_auroras_tristes_larralde.wav", "Puntillas de auroras tristes,\npercal de espuma en el aire.\nDolor de saber que existo,\ncuando termina la tarde.\nTristeza de ser apenas,\nuna penumbra que arde\ny en la noche caliente helarme,\ntan solo helarme.\n\nPocilga de conventillo,\nguarida de traficantes\nMercado sin municipio,\ncambiando necesidades\nPatrón de cobijas pobres,\ndonde se cuaja la carne\nParedes de color sucio,\nmanchadas de tizne y mate.\n\nDonde muere la esperanza,\nnace otro amor que no late\nAl diablo con los azules,\nque poco suele gustarle\n\nPor cada vez que vomito,\nando pisando en el aire\npor cada razón que busco,\nencuentro necesidades.\n\nPor no saber cuando es nunca,\nno tengo nunca ni cuando,\nLa misma ley que condena,\na veces ata el caballo\n\nMe queda la caridad,\nde ser percal en el clavo\ncolgado de la pared,\ntestigo del zafarrancho\n\nPuntillas de auroras tristes,\npercal de espuma en el aire.\nDolor de saber que existo,\ncuando termina la tarde.\nTristeza de ser apenas,\nuna penumbra que arde,\ny en la noche caliente,\nhelarme, tan solo helarme."),
    ("test-episode-18", "Test title of test-episode-18", "test-podcast-12", "test-author-12", "2021-06-04", "puntillas_auroras_tristes_larralde.wav", "Puntillas de auroras tristes,\npercal de espuma en el aire.\nDolor de saber que existo,\ncuando termina la tarde.\nTristeza de ser apenas,\nuna penumbra que arde\ny en la noche caliente helarme,\ntan solo helarme.\n\nPocilga de conventillo,\nguarida de traficantes\nMercado sin municipio,\ncambiando necesidades\nPatrón de cobijas pobres,\ndonde se cuaja la carne\nParedes de color sucio,\nmanchadas de tizne y mate.\n\nDonde muere la esperanza,\nnace otro amor que no late\nAl diablo con los azules,\nque poco suele gustarle\n\nPor cada vez que vomito,\nando pisando en el aire\npor cada razón que busco,\nencuentro necesidades.\n\nPor no saber cuando es nunca,\nno tengo nunca ni cuando,\nLa misma ley que condena,\na veces ata el caballo\n\nMe queda la caridad,\nde ser percal en el clavo\ncolgado de la pared,\ntestigo del zafarrancho\n\nPuntillas de auroras tristes,\npercal de espuma en el aire.\nDolor de saber que existo,\ncuando termina la tarde.\nTristeza de ser apenas,\nuna penumbra que arde,\ny en la noche caliente,\nhelarme, tan solo helarme."),
    ("test-episode-19", "Test title of test-episode-19", "test-podcast-13", "test-author-13", "2021-06-05", "puntillas_auroras_tristes_larralde.wav", "Puntillas de auroras tristes,\npercal de espuma en el aire.\nDolor de saber que existo,\ncuando termina la tarde.\nTristeza de ser apenas,\nuna penumbra que arde\ny en la noche caliente helarme,\ntan solo helarme.\n\nPocilga de conventillo,\nguarida de traficantes\nMercado sin municipio,\ncambiando necesidades\nPatrón de cobijas pobres,\ndonde se cuaja la carne\nParedes de color sucio,\nmanchadas de tizne y mate.\n\nDonde muere la esperanza,\nnace otro amor que no late\nAl diablo con los azules,\nque poco suele gustarle\n\nPor cada vez que vomito,\nando pisando en el aire\npor cada razón que busco,\nencuentro necesidades.\n\nPor no saber cuando es nunca,\nno tengo nunca ni cuando,\nLa misma ley que condena,\na veces ata el caballo\n\nMe queda la caridad,\nde ser percal en el clavo\ncolgado de la pared,\ntestigo del zafarrancho\n\nPuntillas de auroras tristes,\npercal de espuma en el aire.\nDolor de saber que existo,\ncuando termina la tarde.\nTristeza de ser apenas,\nuna penumbra que arde,\ny en la noche caliente,\nhelarme, tan solo helarme."),
    ("test-episode-20", "Test title of test-episode-20", "test-podcast-13", "test-author-13", "2021-06-06", "puntillas_auroras_tristes_larralde.wav", "Puntillas de auroras tristes,\npercal de espuma en el aire.\nDolor de saber que existo,\ncuando termina la tarde.\nTristeza de ser apenas,\nuna penumbra que arde\ny en la noche caliente helarme,\ntan solo helarme.\n\nPocilga de conventillo,\nguarida de traficantes\nMercado sin municipio,\ncambiando necesidades\nPatrón de cobijas pobres,\ndonde se cuaja la carne\nParedes de color sucio,\nmanchadas de tizne y mate.\n\nDonde muere la esperanza,\nnace otro amor que no late\nAl diablo con los azules,\nque poco suele gustarle\n\nPor cada vez que vomito,\nando pisando en el aire\npor cada razón que busco,\nencuentro necesidades.\n\nPor no saber cuando es nunca,\nno tengo nunca ni cuando,\nLa misma ley que condena,\na veces ata el caballo\n\nMe queda la caridad,\nde ser percal en el clavo\ncolgado de la pared,\ntestigo del zafarrancho\n\nPuntillas de auroras tristes,\npercal de espuma en el aire.\nDolor de saber que existo,\ncuando termina la tarde.\nTristeza de ser apenas,\nuna penumbra que arde,\ny en la noche caliente,\nhelarme, tan solo helarme."),
    ("test-episode-21", "Test title of test-episode-21", "test-podcast-13", "test-author-13", "2021-06-07", "puntillas_auroras_tristes_larralde.wav", "Puntillas de auroras tristes,\npercal de espuma en el aire.\nDolor de saber que existo,\ncuando termina la tarde.\nTristeza de ser apenas,\nuna penumbra que arde\ny en la noche caliente helarme,\ntan solo helarme.\n\nPocilga de conventillo,\nguarida de traficantes\nMercado sin municipio,\ncambiando necesidades\nPatrón de cobijas pobres,\ndonde se cuaja la carne\nParedes de color sucio,\nmanchadas de tizne y mate.\n\nDonde muere la esperanza,\nnace otro amor que no late\nAl diablo con los azules,\nque poco suele gustarle\n\nPor cada vez que vomito,\nando pisando en el aire\npor cada razón que busco,\nencuentro necesidades.\n\nPor no saber cuando es nunca,\nno tengo nunca ni cuando,\nLa misma ley que condena,\na veces ata el caballo\n\nMe queda la caridad,\nde ser percal en el clavo\ncolgado de la pared,\ntestigo del zafarrancho\n\nPuntillas de auroras tristes,\npercal de espuma en el aire.\nDolor de saber que existo,\ncuando termina la tarde.\nTristeza de ser apenas,\nuna penumbra que arde,\ny en la noche caliente,\nhelarme, tan solo helarme."),
    ("test-episode-22", "Test title of test-episode-22", "test-podcast-13", "test-author-13", "2021-06-08", "puntillas_auroras_tristes_larralde.wav", "Puntillas de auroras tristes,\npercal de espuma en el aire.\nDolor de saber que existo,\ncuando termina la tarde.\nTristeza de ser apenas,\nuna penumbra que arde\ny en la noche caliente helarme,\ntan solo helarme.\n\nPocilga de conventillo,\nguarida de traficantes\nMercado sin municipio,\ncambiando necesidades\nPatrón de cobijas pobres,\ndonde se cuaja la carne\nParedes de color sucio,\nmanchadas de tizne y mate.\n\nDonde muere la esperanza,\nnace otro amor que no late\nAl diablo con los azules,\nque poco suele gustarle\n\nPor cada vez que vomito,\nando pisando en el aire\npor cada razón que busco,\nencuentro necesidades.\n\nPor no saber cuando es nunca,\nno tengo nunca ni cuando,\nLa misma ley que condena,\na veces ata el caballo\n\nMe queda la caridad,\nde ser percal en el clavo\ncolgado de la pared,\ntestigo del zafarrancho\n\nPuntillas de auroras tristes,\npercal de espuma en el aire.\nDolor de saber que existo,\ncuando termina la tarde.\nTristeza de ser apenas,\nuna penumbra que arde,\ny en la noche caliente,\nhelarme, tan solo helarme."),
    ("test-episode-23", "Test title of test-episode-23", "test-podcast-14", "test-author-14", "2021-06-09", "puntillas_auroras_tristes_larralde.wav", "Puntillas de auroras tristes,\npercal de espuma en el aire.\nDolor de saber que existo,\ncuando termina la tarde.\nTristeza de ser apenas,\nuna penumbra que arde\ny en la noche caliente helarme,\ntan solo helarme.\n\nPocilga de conventillo,\nguarida de traficantes\nMercado sin municipio,\ncambiando necesidades\nPatrón de cobijas pobres,\ndonde se cuaja la carne\nParedes de color sucio,\nmanchadas de tizne y mate.\n\nDonde muere la esperanza,\nnace otro amor que no late\nAl diablo con los azules,\nque poco suele gustarle\n\nPor cada vez que vomito,\nando pisando en el aire\npor cada razón que busco,\nencuentro necesidades.\n\nPor no saber cuando es nunca,\nno tengo nunca ni cuando,\nLa misma ley que condena,\na veces ata el caballo\n\nMe queda la caridad,\nde ser percal en el clavo\ncolgado de la pared,\ntestigo del zafarrancho\n\nPuntillas de auroras tristes,\npercal de espuma en el aire.\nDolor de saber que existo,\ncuando termina la tarde.\nTristeza de ser apenas,\nuna penumbra que arde,\ny en la noche caliente,\nhelarme, tan solo helarme."),
    ("test-episode-24", "Test title of test-episode-24", "test-podcast-15", "test-author-15", "2021-06-10", "puntillas_auroras_tristes_larralde.wav", "Puntillas de auroras tristes,\npercal de espuma en el aire.\nDolor de saber que existo,\ncuando termina la tarde.\nTristeza de ser apenas,\nuna penumbra que arde\ny en la noche caliente helarme,\ntan solo helarme.\n\nPocilga de conventillo,\nguarida de traficantes\nMercado sin municipio,\ncambiando necesidades\nPatrón de cobijas pobres,\ndonde se cuaja la carne\nParedes de color sucio,\nmanchadas de tizne y mate.\n\nDonde muere la esperanza,\nnace otro amor que no late\nAl diablo con los azules,\nque poco suele gustarle\n\nPor cada vez que vomito,\nando pisando en el aire\npor cada razón que busco,\nencuentro necesidades.\n\nPor no saber cuando es nunca,\nno tengo nunca ni cuando,\nLa misma ley que condena,\na veces ata el caballo\n\nMe queda la caridad,\nde ser percal en el clavo\ncolgado de la pared,\ntestigo del zafarrancho\n\nPuntillas de auroras tristes,\npercal de espuma en el aire.\nDolor de saber que existo,\ncuando termina la tarde.\nTristeza de ser apenas,\nuna penumbra que arde,\ny en la noche caliente,\nhelarme, tan solo helarme."),
    ("test-episode-25", "Test title of test-episode-25", "test-podcast-16", "test-author-16", "2021-06-11", "puntillas_auroras_tristes_larralde.wav", "Puntillas de auroras tristes,\npercal de espuma en el aire.\nDolor de saber que existo,\ncuando termina la tarde.\nTristeza de ser apenas,\nuna penumbra que arde\ny en la noche caliente helarme,\ntan solo helarme.\n\nPocilga de conventillo,\nguarida de traficantes\nMercado sin municipio,\ncambiando necesidades\nPatrón de cobijas pobres,\ndonde se cuaja la carne\nParedes de color sucio,\nmanchadas de tizne y mate.\n\nDonde muere la esperanza,\nnace otro amor que no late\nAl diablo con los azules,\nque poco suele gustarle\n\nPor cada vez que vomito,\nando pisando en el aire\npor cada razón que busco,\nencuentro necesidades.\n\nPor no saber cuando es nunca,\nno tengo nunca ni cuando,\nLa misma ley que condena,\na veces ata el caballo\n\nMe queda la caridad,\nde ser percal en el clavo\ncolgado de la pared,\ntestigo del zafarrancho\n\nPuntillas de auroras tristes,\npercal de espuma en el aire.\nDolor de saber que existo,\ncuando termina la tarde.\nTristeza de ser apenas,\nuna penumbra que arde,\ny en la noche caliente,\nhelarme, tan solo helarme.");

DELETE FROM user_libraries;
INSERT INTO user_libraries (podcast_id, user_id) values
    ("test-podcast-1", "user-1"),
    ("test-podcast-2", "user-1"),
    ("test-podcast-3", "user-1"),
    ("test-podcast-4", "user-1"),
    ("test-podcast-5", "user-1"),
    ("test-podcast-6", "user-1"),
    ("test-podcast-8", "user-1"),
    ("test-podcast-9", "user-1"),
    ("test-podcast-10", "user-1"),
    ("test-podcast-11", "user-1"),
    ("test-podcast-12", "user-1"),
    ("test-podcast-13", "user-1");

INSERT INTO events (user_id, timestamp, type, data) values 
    ("user-1", "2021-05-18T10:23:39Z", "listen", '{episode_id[test-episode-1]}'),
    ("user-1", "2021-05-19T10:23:39Z", "listen", '{episode_id[test-episode-2]}'),
    ("user-1", "2021-05-20T10:23:39Z", "listen", '{episode_id[test-episode-2]}'),
    ("user-1", "2021-05-21T10:23:39Z", "listen", '{episode_id[test-episode-2]}'),
    ("user-1", "2021-05-22T10:23:39Z", "listen", '{episode_id[test-episode-3]}'),
    ("user-1", "2021-05-23T10:23:39Z", "listen", '{episode_id[test-episode-3]}'),
    ("user-1", "2021-05-24T10:23:39Z", "listen", '{episode_id[test-episode-2]}'),
    ("user-1", "2021-05-24T10:23:39Z", "listen", '{episode_id[test-episode-4]}'),
    ("user-1", "2021-05-24T10:23:39Z", "listen", '{episode_id[test-episode-2]}'),
    ("user-1", "2021-05-24T10:23:39Z", "listen", '{episode_id[test-episode-6]}'),
    ("user-1", "2021-05-24T10:23:39Z", "listen", '{episode_id[test-episode-7]}'),
    ("user-1", "2021-05-25T10:23:39Z", "listen", '{episode_id[test-episode-12]}'),
    ("user-1", "2021-05-26T10:23:39Z", "listen", '{episode_id[test-episode-13]}'),
    ("user-1", "2021-05-27T10:23:39Z", "listen", '{episode_id[test-episode-14]}'),
    ("user-1", "2021-05-28T10:23:39Z", "listen", '{episode_id[test-episode-15]}'),
    ("user-1", "2021-05-29T10:23:39Z", "listen", '{episode_id[test-episode-16]}'),
    ("user-1", "2021-05-20T10:23:39Z", "listen", '{episode_id[test-episode-17]}');

DELETE FROM languages;
INSERT INTO languages (lang_code, name) values
    ("ES", "Spanish"),
    ("EN", "English");

DELETE FROM terms;
INSERT INTO terms (term, lang_code, status, user_id) values
    ("no", "ES", 1, "user-1"),
    ("me", "ES", 2, "user-1"),
    ("gusta", "ES", 3, "user-1"),
    ("andar", "ES", 4, "user-1"),
    ("misterio", "ES", 1, "user-1"),
    ("seguro", "ES", 2, "user-1"),
    ("que", "ES", 3, "user-1"),
    ("ya", "ES", 4, "user-1"),
    ("bicicleta", "ES", 1, "user-1"),
    ("espuma", "ES", 2, "user-1"),
    ("aire", "ES", 3, "user-1"),
    ("en", "ES", 4, "user-1"),
    ("la", "ES", 1, "user-1"),
    ("lorem", "LA", 1, "user-1"),
    ("ipsum", "LA", 2, "user-1"),
    ("dolor", "LA", 3, "user-1"),
    ("elit", "LA", 4, "user-1"),
    ("sed", "LA", 1, "user-1"),
    ("do", "LA", 2, "user-1"),
    ("he", "EN", 3, "user-1"),
    ("was", "EN", 4, "user-1"),
    ("spy", "EN", 1, "user-1"),
    ("line", "EN", 2, "user-1"),
    ("of", "EN", 3, "user-1"),
    ("duty", "EN", 4, "user-1"),
    ("like", "EN", 1, "user-1"),
    ("man", "EN", 2, "user-1"),
    ("then", "EN", 3, "user-1");

COMMIT;
